entry_ac	entry_name	protein_name	len	go	pdb_ids	pfam_ids	string_id	PF00397
Q9BTA9	WAC_HUMAN	WW domain-containing adapter protein with coiled-coil	647	nuclear speck [GO:0016607]; nucleoplasm [GO:0005654]; nucleus [GO:0005634]; spliceosomal complex [GO:0005681]; chromatin binding [GO:0003682]; RNA polymerase II complex binding [GO:0000993]; cellular response to DNA damage stimulus [GO:0006974]; G1 DNA damage checkpoint [GO:0044783]; histone H2B conserved C-terminal lysine ubiquitination [GO:0071894]; histone monoubiquitination [GO:0010390]; negative regulation of proteasomal ubiquitin-dependent protein catabolic process [GO:0032435]; positive regulation of macroautophagy [GO:0016239]; positive regulation of transcription, DNA-templated [GO:0045893]; protein ubiquitination [GO:0016567]		PF00397;	9606.ENSP00000346986;	True
Q9NZC7	WWOX_HUMAN	WW domain-containing oxidoreductase (EC 1.1.1.-) (Fragile site FRA16D oxidoreductase) (Short chain dehydrogenase/reductase family 41C member 1)	414	cytoplasm [GO:0005737]; cytosol [GO:0005829]; Golgi apparatus [GO:0005794]; mitochondrion [GO:0005739]; nucleoplasm [GO:0005654]; nucleus [GO:0005634]; RNA polymerase II transcription factor complex [GO:0090575]; coenzyme binding [GO:0050662]; cofactor binding [GO:0048037]; enzyme binding [GO:0019899]; oxidoreductase activity [GO:0016491]; protein dimerization activity [GO:0046983]; transcription coactivator activity [GO:0003713]; cellular response to transforming growth factor beta stimulus [GO:0071560]; extrinsic apoptotic signaling pathway [GO:0097191]; intrinsic apoptotic signaling pathway by p53 class mediator [GO:0072332]; negative regulation of transcription by RNA polymerase II [GO:0000122]; negative regulation of Wnt signaling pathway [GO:0030178]; osteoblast differentiation [GO:0001649]; oxidation-reduction process [GO:0055114]; positive regulation of extrinsic apoptotic signaling pathway [GO:2001238]; positive regulation of extrinsic apoptotic signaling pathway in absence of ligand [GO:2001241]; positive regulation of transcription by RNA polymerase II [GO:0045944]; skeletal system morphogenesis [GO:0048705]; steroid metabolic process [GO:0008202]; Wnt signaling pathway [GO:0016055]	1WMV;	PF00106;PF00397;	9606.ENSP00000457230;	True
Q9GZV5	WWTR1_HUMAN	WW domain-containing transcription regulator protein 1 (Transcriptional coactivator with PDZ-binding motif)	400	cytoplasm [GO:0005737]; cytosol [GO:0005829]; nuclear body [GO:0016604]; nucleoplasm [GO:0005654]; nucleus [GO:0005634]; transcription factor complex [GO:0005667]; protein homodimerization activity [GO:0042803]; transcription coactivator activity [GO:0003713]; transcription corepressor activity [GO:0003714]; cilium assembly [GO:0060271]; glomerulus development [GO:0032835]; heart process [GO:0003015]; hippo signaling [GO:0035329]; kidney morphogenesis [GO:0060993]; mesenchymal cell differentiation [GO:0048762]; multicellular organism growth [GO:0035264]; negative regulation of canonical Wnt signaling pathway [GO:0090090]; negative regulation of fat cell differentiation [GO:0045599]; negative regulation of protein kinase activity [GO:0006469]; negative regulation of protein phosphorylation [GO:0001933]; negative regulation of transcription by RNA polymerase II [GO:0000122]; osteoblast differentiation [GO:0001649]; positive regulation of cell population proliferation [GO:0008284]; positive regulation of epithelial to mesenchymal transition [GO:0010718]; positive regulation of transcription by RNA polymerase II [GO:0045944]; protein ubiquitination [GO:0016567]; regulation of metanephric nephron tubule epithelial cell differentiation [GO:0072307]; regulation of SMAD protein signal transduction [GO:0060390]; regulation of transcription, DNA-templated [GO:0006355]; SCF-dependent proteasomal ubiquitin-dependent protein catabolic process [GO:0031146]; stem cell division [GO:0017145]; tissue homeostasis [GO:0001894]; transcription initiation from RNA polymerase II promoter [GO:0006367]	5N5R;5N5T;5N5W;5N75;	PF00397;	9606.ENSP00000419465;	True
Q8N3X1	FNBP4_HUMAN	Formin-binding protein 4 (Formin-binding protein 30)	1017	nuclear speck [GO:0016607]		PF00397;	9606.ENSP00000263773;	True
Q5VWI1	TCRGL_HUMAN	Transcription elongation regulator 1-like protein	586	nucleus [GO:0005634]		PF01846;	9606.ENSP00000357631;	False
O15428	PINL_HUMAN	Putative PIN1-like protein (Peptidylprolyl cis-trans isomerase NIMA-interacting 1 pseudogene 1)	100	cytosol [GO:0005829]; nucleus [GO:0005634]; peptidyl-prolyl cis-trans isomerase activity [GO:0003755]		PF00397;		True
Q6IQ23	PKHA7_HUMAN	Pleckstrin homology domain-containing family A member 7 (PH domain-containing family A member 7)	1121	cell junction [GO:0030054]; centrosome [GO:0005813]; cytosol [GO:0005829]; extracellular exosome [GO:0070062]; nucleoplasm [GO:0005654]; pore complex [GO:0046930]; zonula adherens [GO:0005915]; delta-catenin binding [GO:0070097]; cell-cell adhesion mediated by cadherin [GO:0044331]; epithelial cell-cell adhesion [GO:0090136]; pore complex assembly [GO:0046931]; zonula adherens maintenance [GO:0045218]		PF00169;	9606.ENSP00000347883;	False
Q6AWC2	WWC2_HUMAN	Protein WWC2 (BH-3-only member B) (WW domain-containing protein 2)	1192	cytosol [GO:0005829]; kinase binding [GO:0019900]; molecular adaptor activity [GO:0060090]; negative regulation of hippo signaling [GO:0035331]; negative regulation of organ growth [GO:0046621]; negative regulation of transcription by RNA polymerase II [GO:0000122]		PF00397;	9606.ENSP00000384222;	True
Q9HCE7	SMUF1_HUMAN	E3 ubiquitin-protein ligase SMURF1 (hSMURF1) (EC 2.3.2.26) (HECT-type E3 ubiquitin transferase SMURF1) (SMAD ubiquitination regulatory factor 1) (SMAD-specific E3 ubiquitin-protein ligase 1)	757	axon [GO:0030424]; cell [GO:0005623]; cytoplasm [GO:0005737]; cytosol [GO:0005829]; extracellular exosome [GO:0070062]; neuronal cell body [GO:0043025]; nucleoplasm [GO:0005654]; plasma membrane [GO:0005886]; activin binding [GO:0048185]; I-SMAD binding [GO:0070411]; phospholipid binding [GO:0005543]; R-SMAD binding [GO:0070412]; ubiquitin protein ligase activity [GO:0061630]; ubiquitin-protein transferase activity [GO:0004842]; BMP signaling pathway [GO:0030509]; cell differentiation [GO:0030154]; ectoderm development [GO:0007398]; engulfment of target by autophagosome [GO:0061736]; negative regulation of BMP signaling pathway [GO:0030514]; negative regulation of ossification [GO:0030279]; negative regulation of transforming growth factor beta receptor signaling pathway [GO:0030512]; parkin-mediated stimulation of mitophagy in response to mitochondrial depolarization [GO:0061734]; positive regulation of dendrite extension [GO:1903861]; positive regulation of protein catabolic process [GO:0045732]; positive regulation of ubiquitin-dependent protein catabolic process [GO:2000060]; proteasome-mediated ubiquitin-dependent protein catabolic process [GO:0043161]; protein export from nucleus [GO:0006611]; protein localization to cell surface [GO:0034394]; protein localization to plasma membrane [GO:0072659]; protein polyubiquitination [GO:0000209]; protein targeting to vacuole involved in autophagy [GO:0071211]; protein ubiquitination [GO:0016567]; receptor catabolic process [GO:0032801]; substrate localization to autophagosome [GO:0061753]; transforming growth factor beta receptor signaling pathway [GO:0007179]; ubiquitin-dependent protein catabolic process [GO:0006511]; ubiquitin-dependent SMAD protein catabolic process [GO:0030579]; Wnt signaling pathway, planar cell polarity pathway [GO:0060071]	2LAZ;2LB0;2LB1;2LTX;3PYC;	PF00168;PF00632;PF00397;	9606.ENSP00000354621;	True
Q9BYW2	SETD2_HUMAN	Histone-lysine N-methyltransferase SETD2 (EC 2.1.1.-) (HIF-1) (Huntingtin yeast partner B) (Huntingtin-interacting protein 1) (HIP-1) (Huntingtin-interacting protein B) (Lysine N-methyltransferase 3A) (Protein-lysine N-methyltransferase SETD2) (EC 2.1.1.-) (SET domain-containing protein 2) (hSET2) (p231HBP)	2564	chromosome [GO:0005694]; nucleoplasm [GO:0005654]; nucleus [GO:0005634]; alpha-tubulin binding [GO:0043014]; histone methyltransferase activity (H3-K36 specific) [GO:0046975]; histone-lysine N-methyltransferase activity [GO:0018024]; metal ion binding [GO:0046872]; protein-lysine N-methyltransferase activity [GO:0016279]; angiogenesis [GO:0001525]; cell migration involved in vasculogenesis [GO:0035441]; coronary vasculature morphogenesis [GO:0060977]; defense response to virus [GO:0051607]; embryonic cranial skeleton morphogenesis [GO:0048701]; embryonic placenta morphogenesis [GO:0060669]; endodermal cell differentiation [GO:0035987]; forebrain development [GO:0030900]; histone H3-K36 dimethylation [GO:0097676]; histone H3-K36 trimethylation [GO:0097198]; mesoderm morphogenesis [GO:0048332]; microtubule cytoskeleton organization involved in mitosis [GO:1902850]; mismatch repair [GO:0006298]; morphogenesis of a branching structure [GO:0001763]; neural tube closure [GO:0001843]; nucleosome organization [GO:0034728]; peptidyl-lysine monomethylation [GO:0018026]; peptidyl-lysine trimethylation [GO:0018023]; pericardium development [GO:0060039]; positive regulation of interferon-alpha production [GO:0032727]; regulation of cytokinesis [GO:0032465]; regulation of double-strand break repair via homologous recombination [GO:0010569]; regulation of mRNA export from nucleus [GO:0010793]; regulation of protein localization to chromatin [GO:1905634]; regulation of transcription, DNA-templated [GO:0006355]; response to type I interferon [GO:0034340]; stem cell development [GO:0048864]; stem cell differentiation [GO:0048863]; transcription elongation from RNA polymerase II promoter [GO:0006368]	2A7O;2MDC;2MDI;2MDJ;4FMU;4H12;5JJY;5JLB;5JLE;5LSS;5LSX;5LSY;5LSZ;5LT6;5LT7;5LT8;5V21;5V22;	PF17907;PF00856;PF08236;PF00397;	9606.ENSP00000386759;	True
Q9HAU0	PKHA5_HUMAN	Pleckstrin homology domain-containing family A member 5 (PH domain-containing family A member 5) (Phosphoinositol 3-phosphate-binding protein 2) (PEPP-2)	1116	cytosol [GO:0005829]; glutamatergic synapse [GO:0098978]; membrane [GO:0016020]; nucleoplasm [GO:0005654]; postsynaptic density [GO:0014069]; phosphatidylinositol-3,5-bisphosphate binding [GO:0080025]; phosphatidylinositol-3-phosphate binding [GO:0032266]; phosphatidylinositol-4-phosphate binding [GO:0070273]; phosphatidylinositol-5-phosphate binding [GO:0010314]; reproductive system development [GO:0061458]	2DKP;	PF00169;PF00397;	9606.ENSP00000404296;	True
Q9HAU4	SMUF2_HUMAN	E3 ubiquitin-protein ligase SMURF2 (hSMURF2) (EC 2.3.2.26) (HECT-type E3 ubiquitin transferase SMURF2) (SMAD ubiquitination regulatory factor 2) (SMAD-specific E3 ubiquitin-protein ligase 2)	748	cytoplasm [GO:0005737]; cytosol [GO:0005829]; membrane raft [GO:0045121]; nuclear speck [GO:0016607]; nucleoplasm [GO:0005654]; nucleus [GO:0005634]; plasma membrane [GO:0005886]; ubiquitin ligase complex [GO:0000151]; identical protein binding [GO:0042802]; SMAD binding [GO:0046332]; transforming growth factor beta receptor binding [GO:0005160]; ubiquitin protein ligase activity [GO:0061630]; ubiquitin-protein transferase activity [GO:0004842]; BMP signaling pathway [GO:0030509]; negative regulation of BMP signaling pathway [GO:0030514]; negative regulation of transcription by RNA polymerase II [GO:0000122]; negative regulation of transcription, DNA-templated [GO:0045892]; negative regulation of transforming growth factor beta receptor signaling pathway [GO:0030512]; positive regulation of canonical Wnt signaling pathway [GO:0090263]; positive regulation of protein catabolic process [GO:0045732]; positive regulation of trophoblast cell migration [GO:1901165]; proteasome-mediated ubiquitin-dependent protein catabolic process [GO:0043161]; protein deubiquitination [GO:0016579]; protein polyubiquitination [GO:0000209]; protein ubiquitination [GO:0016567]; regulation of transforming growth factor beta receptor signaling pathway [GO:0017015]; ubiquitin-dependent protein catabolic process [GO:0006511]; ubiquitin-dependent SMAD protein catabolic process [GO:0030579]; Wnt signaling pathway, planar cell polarity pathway [GO:0060071]	1ZVD;2DJY;2JQZ;2KXQ;2LTZ;6FX4;	PF00168;PF00632;PF00397;	9606.ENSP00000262435;	True
Q6ZWJ1	STXB4_HUMAN	Syntaxin-binding protein 4 (Syntaxin 4-interacting protein) (STX4-interacting protein) (Synip)	553	extracellular exosome [GO:0070062]; phagocytic vesicle [GO:0045335]; syntaxin binding [GO:0019905]; cellular response to DNA damage stimulus [GO:0006974]; cellular response to interferon-gamma [GO:0071346]; insulin receptor signaling pathway [GO:0008286]; positive regulation of cell cycle G1/S phase transition [GO:1902808]; positive regulation of keratinocyte proliferation [GO:0010838]; protein stabilization [GO:0050821]; protein targeting [GO:0006605]; regulation of glucose transmembrane transport [GO:0010827]; regulation of insulin secretion involved in cellular response to glucose stimulus [GO:0061178]	2YSG;	PF00595;PF00397;	9606.ENSP00000365530;	True
Q76N89	HECW1_HUMAN	E3 ubiquitin-protein ligase HECW1 (EC 2.3.2.26) (HECT, C2 and WW domain-containing protein 1) (HECT-type E3 ubiquitin transferase HECW1) (NEDD4-like E3 ubiquitin-protein ligase 1) (hNEDL1)	1606	cytoplasm [GO:0005737]; cytosol [GO:0005829]; ubiquitin protein ligase activity [GO:0061630]; negative regulation of canonical Wnt signaling pathway [GO:0090090]; negative regulation of sodium ion transmembrane transporter activity [GO:2000650]; positive regulation of protein catabolic process [GO:0045732]; proteasome-mediated ubiquitin-dependent protein catabolic process [GO:0043161]; protein polyubiquitination [GO:0000209]; protein ubiquitination [GO:0016567]; regulation of dendrite morphogenesis [GO:0048814]; ubiquitin-dependent protein catabolic process [GO:0006511]	3L4H;	PF00168;PF00632;PF18436;PF16562;PF00397;	9606.ENSP00000379228;	True
O14776	TCRG1_HUMAN	Transcription elongation regulator 1 (TATA box-binding protein-associated factor 2S) (Transcription factor CA150)	1098	nucleoplasm [GO:0005654]; nucleus [GO:0005634]; identical protein binding [GO:0042802]; proline-rich region binding [GO:0070064]; RNA binding [GO:0003723]; RNA polymerase II repressing transcription factor binding [GO:0001103]; transcription coactivator activity [GO:0003713]; transcription corepressor activity [GO:0003714]; negative regulation of transcription by RNA polymerase II [GO:0000122]; transcription by RNA polymerase II [GO:0006366]	2DK7;2DOD;2DOE;2DOF;2E71;2KIQ;2KIS;2MW9;2MWA;2MWB;2MWD;2MWE;2MWF;2N4R;2N4S;2N4T;2N4U;2N4V;2N4W;2NNT;3HFH;3Q1I;4FQG;	PF01846;PF00397;	9606.ENSP00000296702;	True
Q8IWW6	RHG12_HUMAN	Rho GTPase-activating protein 12 (Rho-type GTPase-activating protein 12)	846	cytoplasm [GO:0005737]; cytosol [GO:0005829]; phagocytic cup [GO:0001891]; GTPase activator activity [GO:0005096]; actin filament organization [GO:0007015]; morphogenesis of an epithelial sheet [GO:0002011]; negative regulation of small GTPase mediated signal transduction [GO:0051058]; phagocytosis, engulfment [GO:0006911]; regulation of GTPase activity [GO:0043087]; regulation of small GTPase mediated signal transduction [GO:0051056]; signal transduction [GO:0007165]		PF00169;PF00620;PF14604;	9606.ENSP00000345808;	False
Q6ZUM4	RHG27_HUMAN	Rho GTPase-activating protein 27 (CIN85-associated multi-domain-containing Rho GTPase-activating protein 1) (Rho-type GTPase-activating protein 27) (SH3 domain-containing protein 20)	889	cytoplasm [GO:0005737]; membrane [GO:0016020]; GTPase activator activity [GO:0005096]; SH3 domain binding [GO:0017124]; positive regulation of GTPase activity [GO:0043547]; receptor-mediated endocytosis [GO:0006898]; regulation of GTPase activity [GO:0043087]; signal transduction [GO:0007165]	3PP2;	PF00169;PF00620;PF00397;	9606.ENSP00000403323;	True
Q9C0H5	RHG39_HUMAN	Rho GTPase-activating protein 39	1083	cytoplasm [GO:0005737]; cytoskeleton [GO:0005856]; cytosol [GO:0005829]; glutamatergic synapse [GO:0098978]; nucleus [GO:0005634]; GTPase activator activity [GO:0005096]; postsynapse organization [GO:0099173]; regulation of small GTPase mediated signal transduction [GO:0051056]; signal transduction [GO:0007165]		PF00784;PF00620;	9606.ENSP00000366522;	False
Q86UL8	MAGI2_HUMAN	Membrane-associated guanylate kinase, WW and PDZ domain-containing protein 2 (Atrophin-1-interacting protein 1) (AIP-1) (Atrophin-1-interacting protein A) (Membrane-associated guanylate kinase inverted 2) (MAGI-2)	1455	bicellular tight junction [GO:0005923]; cell-cell junction [GO:0005911]; cytoplasm [GO:0005737]; dendrite [GO:0030425]; late endosome [GO:0005770]; nucleus [GO:0005634]; perinuclear region of cytoplasm [GO:0048471]; plasma membrane [GO:0005886]; postsynaptic density [GO:0014069]; protein-containing complex [GO:0032991]; slit diaphragm [GO:0036057]; synapse [GO:0045202]; beta-1 adrenergic receptor binding [GO:0031697]; phosphatase binding [GO:0019902]; receptor signaling complex adaptor activity [GO:0030159]; SMAD binding [GO:0046332]; type II activin receptor binding [GO:0070699]; cellular response to nerve growth factor stimulus [GO:1990090]; glomerular visceral epithelial cell development [GO:0072015]; mitotic cell cycle arrest [GO:0071850]; negative regulation of activin receptor signaling pathway [GO:0032926]; negative regulation of cell migration [GO:0030336]; negative regulation of cell population proliferation [GO:0008285]; negative regulation of protein kinase B signaling [GO:0051898]; nerve growth factor signaling pathway [GO:0038180]; neuroligin clustering involved in postsynaptic membrane assembly [GO:0097118]; planar cell polarity pathway involved in axis elongation [GO:0003402]; positive regulation of neuron projection development [GO:0010976]; positive regulation of phosphoprotein phosphatase activity [GO:0032516]; positive regulation of receptor internalization [GO:0002092]; positive regulation of synaptic vesicle clustering [GO:2000809]; protein heterooligomerization [GO:0051291]; receptor clustering [GO:0043113]; signal transduction [GO:0007165]; SMAD protein signal transduction [GO:0060395]	1UEP;1UEQ;1UEW;1UJV;1WFV;	PF00625;PF00595;PF17820;PF00397;	9606.ENSP00000346151;	True
Q5TCQ9	MAGI3_HUMAN	Membrane-associated guanylate kinase, WW and PDZ domain-containing protein 3 (Membrane-associated guanylate kinase inverted 3) (MAGI-3)	1481	bicellular tight junction [GO:0005923]; cell junction [GO:0030054]; cell-cell junction [GO:0005911]; cytoplasm [GO:0005737]; membrane [GO:0016020]; nucleus [GO:0005634]; plasma membrane [GO:0005886]; ATP binding [GO:0005524]; guanylate kinase activity [GO:0004385]; molecular adaptor activity [GO:0060090]; apoptotic process [GO:0006915]; intracellular signal transduction [GO:0035556]; regulation of JNK cascade [GO:0046328]; signal transduction [GO:0007165]; viral process [GO:0016032]	3SOE;	PF00625;PF00595;PF17820;PF00397;	9606.ENSP00000304604;	True
Q9P2P5	HECW2_HUMAN	E3 ubiquitin-protein ligase HECW2 (EC 2.3.2.26) (HECT, C2 and WW domain-containing protein 2) (HECT-type E3 ubiquitin transferase HECW2) (NEDD4-like E3 ubiquitin-protein ligase 2)	1572	cytoplasm [GO:0005737]; mitotic spindle [GO:0072686]; ubiquitin protein ligase activity [GO:0061630]; negative regulation of sodium ion transmembrane transporter activity [GO:2000650]; positive regulation of protein catabolic process [GO:0045732]; proteasome-mediated ubiquitin-dependent protein catabolic process [GO:0043161]; protein polyubiquitination [GO:0000209]; protein ubiquitination [GO:0016567]; regulation of dendrite morphogenesis [GO:0048814]; regulation of mitotic metaphase/anaphase transition [GO:0030071]; ubiquitin-dependent protein catabolic process [GO:0006511]	2LFE;	PF00168;PF00632;PF18436;PF16562;PF00397;	9606.ENSP00000260983;	True
Q9BRR9	RHG09_HUMAN	Rho GTPase-activating protein 9 (Rho-type GTPase-activating protein 9)	750	cytoplasm [GO:0005737]; cytosol [GO:0005829]; extracellular region [GO:0005576]; secretory granule lumen [GO:0034774]; GTPase activator activity [GO:0005096]; phosphatidylinositol-3,4,5-trisphosphate binding [GO:0005547]; neutrophil degranulation [GO:0043312]; regulation of GTPase activity [GO:0043087]; regulation of small GTPase mediated signal transduction [GO:0051056]; signal transduction [GO:0007165]	2P0D;2P0F;2P0H;	PF00169;PF00620;PF00018;	9606.ENSP00000377380;	False
Q13526	PIN1_HUMAN	Peptidyl-prolyl cis-trans isomerase NIMA-interacting 1 (EC 5.2.1.8) (Peptidyl-prolyl cis-trans isomerase Pin1) (PPIase Pin1) (Rotamase Pin1)	163	cytoplasm [GO:0005737]; cytosol [GO:0005829]; glutamatergic synapse [GO:0098978]; midbody [GO:0030496]; mitochondrion [GO:0005739]; neuron projection [GO:0043005]; nuclear speck [GO:0016607]; nucleoplasm [GO:0005654]; nucleus [GO:0005634]; postsynaptic cytosol [GO:0099524]; beta-catenin binding [GO:0008013]; cis-trans isomerase activity [GO:0016859]; GTPase activating protein binding [GO:0032794]; mitogen-activated protein kinase kinase binding [GO:0031434]; motor activity [GO:0003774]; peptidyl-prolyl cis-trans isomerase activity [GO:0003755]; phosphoprotein binding [GO:0051219]; phosphoserine residue binding [GO:0050815]; phosphothreonine residue binding [GO:0050816]; tau protein binding [GO:0048156]; cell cycle [GO:0007049]; negative regulation of amyloid-beta formation [GO:1902430]; negative regulation of cell motility [GO:2000146]; negative regulation of ERK1 and ERK2 cascade [GO:0070373]; negative regulation of neuron apoptotic process [GO:0043524]; negative regulation of protein binding [GO:0032091]; negative regulation of protein catabolic process [GO:0042177]; negative regulation of transforming growth factor beta receptor signaling pathway [GO:0030512]; negative regulation of type I interferon production [GO:0032480]; neuron differentiation [GO:0030182]; positive regulation of canonical Wnt signaling pathway [GO:0090263]; positive regulation of cell growth involved in cardiac muscle cell development [GO:0061051]; positive regulation of GTPase activity [GO:0043547]; positive regulation of neuron apoptotic process [GO:0043525]; positive regulation of protein binding [GO:0032092]; positive regulation of protein dephosphorylation [GO:0035307]; positive regulation of protein phosphorylation [GO:0001934]; positive regulation of transcription by RNA polymerase II [GO:0045944]; positive regulation of ubiquitin-protein transferase activity [GO:0051443]; protein peptidyl-prolyl isomerization [GO:0000413]; protein stabilization [GO:0050821]; regulation of cytokinesis [GO:0032465]; regulation of gene expression [GO:0010468]; regulation of mitotic nuclear division [GO:0007088]; regulation of pathway-restricted SMAD protein phosphorylation [GO:0060393]; regulation of protein localization to nucleus [GO:1900180]; regulation of protein phosphorylation [GO:0001932]; regulation of protein stability [GO:0031647]; regulation of signal transduction by p53 class mediator [GO:1901796]; response to hypoxia [GO:0001666]; synapse organization [GO:0050808]	1F8A;1I6C;1I8G;1I8H;1NMV;1NMW;1PIN;1ZCN;2F21;2ITK;2KBU;2KCF;2LB3;2M8I;2M8J;2M9E;2M9F;2M9I;2M9J;2N1O;2Q5A;2RUC;2RUD;2RUQ;2RUR;2XP3;2XP4;2XP5;2XP6;2XP7;2XP8;2XP9;2XPA;2XPB;2ZQS;2ZQT;2ZQU;2ZQV;2ZR4;2ZR5;2ZR6;3I6C;3IK8;3IKD;3IKG;3JYJ;3KAB;3KAC;3KAD;3KAF;3KAG;3KAH;3KAI;3KCE;3NTP;3ODK;3OOB;3TC5;3TCZ;3TDB;3WH0;4GWT;4GWV;4QIB;4TNS;4TYO;4U84;4U85;4U86;5B3W;5B3X;5B3Y;5B3Z;5BMY;5GPH;5UY9;5VTI;5VTJ;5VTK;6DUN;	PF00639;PF00397;	9606.ENSP00000247970;	True
O75554	WBP4_HUMAN	WW domain-binding protein 4 (WBP-4) (Formin-binding protein 21) (WW domain-containing-binding protein 4)	376	nuclear speck [GO:0016607]; nucleoplasm [GO:0005654]; nucleus [GO:0005634]; U2-type precatalytic spliceosome [GO:0071005]; nucleic acid binding [GO:0003676]; proline-rich region binding [GO:0070064]; zinc ion binding [GO:0008270]; mRNA cis splicing, via spliceosome [GO:0045292]; mRNA splicing, via spliceosome [GO:0000398]	2DK1;2JXW;5O9Z;6AHD;	PF00397;PF06220;	9606.ENSP00000368801;	True
P46937	YAP1_HUMAN	Transcriptional coactivator YAP1 (Yes-associated protein 1) (Protein yorkie homolog) (Yes-associated protein YAP65 homolog)	504	cytoplasm [GO:0005737]; cytosol [GO:0005829]; membrane [GO:0016020]; nucleoplasm [GO:0005654]; nucleus [GO:0005634]; TEAD-1-YAP complex [GO:0071148]; TEAD-2-YAP complex [GO:0071149]; activating transcription factor binding [GO:0033613]; chromatin binding [GO:0003682]; proline-rich region binding [GO:0070064]; protein C-terminus binding [GO:0008022]; protein heterodimerization activity [GO:0046982]; RNA polymerase II cis-regulatory region sequence-specific DNA binding [GO:0000978]; transcription coactivator activity [GO:0003713]; transcription corepressor activity [GO:0003714]; transcription regulatory region DNA binding [GO:0044212]; bud elongation involved in lung branching [GO:0060449]; cardiac muscle tissue regeneration [GO:0061026]; cell morphogenesis [GO:0000902]; cell population proliferation [GO:0008283]; cellular response to DNA damage stimulus [GO:0006974]; cellular response to gamma radiation [GO:0071480]; cellular response to retinoic acid [GO:0071300]; contact inhibition [GO:0060242]; embryonic heart tube morphogenesis [GO:0003143]; heart process [GO:0003015]; hippo signaling [GO:0035329]; keratinocyte differentiation [GO:0030216]; lateral mesoderm development [GO:0048368]; lung epithelial cell differentiation [GO:0060487]; negative regulation of epithelial cell differentiation [GO:0030857]; negative regulation of extrinsic apoptotic signaling pathway [GO:2001237]; negative regulation of stem cell differentiation [GO:2000737]; notochord development [GO:0030903]; paraxial mesoderm development [GO:0048339]; positive regulation of canonical Wnt signaling pathway [GO:0090263]; positive regulation of cardiac muscle cell proliferation [GO:0060045]; positive regulation of intracellular estrogen receptor signaling pathway [GO:0033148]; positive regulation of stem cell population maintenance [GO:1902459]; positive regulation of transcription by RNA polymerase II [GO:0045944]; positive regulation of transcription, DNA-templated [GO:0045893]; progesterone receptor signaling pathway [GO:0050847]; protein-containing complex assembly [GO:0065003]; regulation of hematopoietic stem cell differentiation [GO:1902036]; regulation of keratinocyte proliferation [GO:0010837]; regulation of metanephric nephron tubule epithelial cell differentiation [GO:0072307]; regulation of neurogenesis [GO:0050767]; regulation of stem cell proliferation [GO:0072091]; response to progesterone [GO:0032570]; somatic stem cell population maintenance [GO:0035019]; tissue homeostasis [GO:0001894]; transcription initiation from RNA polymerase II promoter [GO:0006367]; vasculogenesis [GO:0001570]	1JMQ;1K5R;1K9Q;1K9R;2LAW;2LAX;2LAY;2LTV;2LTW;3KYS;3MHR;4RE1;4REX;5OAQ;5YDX;5YDY;6G6X;6G8I;6G8J;6G8K;6G8L;6G8P;6G8Q;6GE3;6GE4;6GE5;6GE6;6GEC;6GEE;6GEG;6GEI;6GEK;6HIK;6HIL;6Q2X;	PF00397;	9606.ENSP00000478927;	True
O00308	WWP2_HUMAN	NEDD4-like E3 ubiquitin-protein ligase WWP2 (EC 2.3.2.26) (Atrophin-1-interacting protein 2) (AIP2) (HECT-type E3 ubiquitin transferase WWP2) (WW domain-containing protein 2)	870	cytoplasm [GO:0005737]; cytosol [GO:0005829]; extracellular exosome [GO:0070062]; membrane [GO:0016020]; nucleus [GO:0005634]; ubiquitin ligase complex [GO:0000151]; RNA polymerase II transcription factor binding [GO:0001085]; transcription factor binding [GO:0008134]; ubiquitin protein ligase activity [GO:0061630]; ubiquitin-protein transferase activity [GO:0004842]; cellular protein modification process [GO:0006464]; extracellular transport [GO:0006858]; negative regulation of DNA-binding transcription factor activity [GO:0043433]; negative regulation of gene expression [GO:0010629]; negative regulation of Notch signaling pathway [GO:0045746]; negative regulation of protein transport [GO:0051224]; negative regulation of transcription by RNA polymerase II [GO:0000122]; negative regulation of transcription, DNA-templated [GO:0045892]; negative regulation of transporter activity [GO:0032410]; positive regulation of protein catabolic process [GO:0045732]; positive regulation of transcription by RNA polymerase II [GO:0045944]; proteasome-mediated ubiquitin-dependent protein catabolic process [GO:0043161]; protein autoubiquitination [GO:0051865]; protein K63-linked ubiquitination [GO:0070534]; protein polyubiquitination [GO:0000209]; protein ubiquitination [GO:0016567]; regulation of ion transmembrane transport [GO:0034765]; regulation of membrane potential [GO:0042391]; regulation of potassium ion transmembrane transporter activity [GO:1901016]; ubiquitin-dependent protein catabolic process [GO:0006511]; viral entry into host cell [GO:0046718]	4Y07;5TJ7;5TJ8;5TJQ;6J1Z;	PF00632;PF00397;	9606.ENSP00000352069;	True
P46939	UTRO_HUMAN	Utrophin (Dystrophin-related protein 1) (DRP-1)	3433	cell junction [GO:0030054]; cortical actin cytoskeleton [GO:0030864]; cytoplasm [GO:0005737]; cytoskeleton [GO:0005856]; dystrophin-associated glycoprotein complex [GO:0016010]; extracellular exosome [GO:0070062]; filopodium [GO:0030175]; filopodium membrane [GO:0031527]; growth cone [GO:0030426]; membrane [GO:0016020]; neuromuscular junction [GO:0031594]; nucleoplasm [GO:0005654]; plasma membrane [GO:0005886]; postsynaptic membrane [GO:0045211]; protein-containing complex [GO:0032991]; sarcolemma [GO:0042383]; actin binding [GO:0003779]; actin filament binding [GO:0051015]; integrin binding [GO:0005178]; protein kinase binding [GO:0019901]; vinculin binding [GO:0017166]; zinc ion binding [GO:0008270]; muscle contraction [GO:0006936]; muscle organ development [GO:0007517]; neuromuscular junction development [GO:0007528]; positive regulation of cell-matrix adhesion [GO:0001954]; regulation of sodium ion transmembrane transporter activity [GO:2000649]; response to denervation involved in regulation of muscle adaptation [GO:0014894]	1BHD;1QAG;	PF00307;PF09068;PF09069;PF00435;PF00397;PF00569;	9606.ENSP00000356515;	True
Q9H4B6	SAV1_HUMAN	Protein salvador homolog 1 (45 kDa WW domain protein) (hWW45)	383	cytoplasm [GO:0005737]; cytosol [GO:0005829]; nucleus [GO:0005634]; identical protein binding [GO:0042802]; molecular adaptor activity [GO:0060090]; apoptotic process [GO:0006915]; hair follicle development [GO:0001942]; hippo signaling [GO:0035329]; intestinal epithelial cell differentiation [GO:0060575]; keratinocyte differentiation [GO:0030216]; lung epithelial cell differentiation [GO:0060487]; negative regulation of cardiac muscle cell proliferation [GO:0060044]; negative regulation of epithelial cell proliferation [GO:0050680]; positive regulation of apoptotic process [GO:0043065]; positive regulation of DNA-binding transcription factor activity [GO:0051091]; positive regulation of fat cell differentiation [GO:0045600]; protein stabilization [GO:0050821]; regulation of stem cell population maintenance [GO:2000036]; signal transduction [GO:0007165]; ventricular septum morphogenesis [GO:0060412]	6AO5;	PF00397;	9606.ENSP00000324729;	True
Q9H0M0	WWP1_HUMAN	NEDD4-like E3 ubiquitin-protein ligase WWP1 (EC 2.3.2.26) (Atrophin-1-interacting protein 5) (AIP5) (HECT-type E3 ubiquitin transferase WWP1) (TGIF-interacting ubiquitin ligase 1) (Tiul1) (WW domain-containing protein 1)	922	cytoplasm [GO:0005737]; cytosol [GO:0005829]; extracellular exosome [GO:0070062]; nucleus [GO:0005634]; plasma membrane [GO:0005886]; ubiquitin ligase complex [GO:0000151]; ubiquitin protein ligase activity [GO:0061630]; ubiquitin-protein transferase activity [GO:0004842]; central nervous system development [GO:0007417]; ion transmembrane transport [GO:0034220]; negative regulation of transcription, DNA-templated [GO:0045892]; positive regulation of protein catabolic process [GO:0045732]; proteasome-mediated ubiquitin-dependent protein catabolic process [GO:0043161]; protein polyubiquitination [GO:0000209]; protein ubiquitination [GO:0016567]; signal transduction [GO:0007165]; ubiquitin-dependent protein catabolic process [GO:0006511]; viral entry into host cell [GO:0046718]	1ND7;2OP7;5HPS;5HPT;6J1X;6J1Y;	PF00168;PF00632;PF00397;	9606.ENSP00000427793;	True
O75400	PR40A_HUMAN	Pre-mRNA-processing factor 40 homolog A (Fas ligand-associated factor 1) (Formin-binding protein 11) (Formin-binding protein 3) (Huntingtin yeast partner A) (Huntingtin-interacting protein 10) (HIP-10) (Huntingtin-interacting protein A) (Renal carcinoma antigen NY-REN-6)	957	cytosol [GO:0005829]; membrane [GO:0016020]; nuclear matrix [GO:0016363]; nuclear speck [GO:0016607]; nucleoplasm [GO:0005654]; U1 snRNP [GO:0005685]; U2-type prespliceosome [GO:0071004]; proline-rich region binding [GO:0070064]; RNA binding [GO:0003723]; cell cycle [GO:0007049]; cell division [GO:0051301]; cell migration [GO:0016477]; cytoskeleton organization [GO:0007010]; mRNA cis splicing, via spliceosome [GO:0045292]; mRNA splicing, via spliceosome [GO:0000398]; regulation of cell shape [GO:0008360]; regulation of cytokinesis [GO:0032465]	1UZC;1YWI;1YWJ;1ZR7;2CQN;2DYF;2KZG;2L5F;2L9V;2LKS;	PF01846;PF00397;	9606.ENSP00000386458;	True
O60828	PQBP1_HUMAN	Polyglutamine-binding protein 1 (PQBP-1) (38 kDa nuclear protein containing a WW domain) (Npw38) (Polyglutamine tract-binding protein 1)	265	cytoplasmic stress granule [GO:0010494]; cytosol [GO:0005829]; neuronal ribonucleoprotein granule [GO:0071598]; nuclear speck [GO:0016607]; nucleoplasm [GO:0005654]; nucleus [GO:0005634]; DNA binding [GO:0003677]; double-stranded DNA binding [GO:0003690]; ribonucleoprotein complex binding [GO:0043021]; transcription coactivator activity [GO:0003713]; activation of innate immune response [GO:0002218]; alternative mRNA splicing, via spliceosome [GO:0000380]; cellular response to exogenous dsRNA [GO:0071360]; defense response to virus [GO:0051607]; innate immune response [GO:0045087]; mRNA splicing, via spliceosome [GO:0000398]; neuron projection development [GO:0031175]; positive regulation of defense response to virus by host [GO:0002230]; positive regulation of type I interferon production [GO:0032481]; regulation of dendrite morphogenesis [GO:0048814]; regulation of RNA splicing [GO:0043484]; regulation of transcription, DNA-templated [GO:0006355]	4BWQ;4BWS;4CDO;		9606.ENSP00000218224;	False
Q9H4Z3	CAPAM_HUMAN	mRNA (2'-O-methyladenosine-N(6)-)-methyltransferase (EC 2.1.1.62) (Cap-specific adenosine methyltransferase) (CAPAM) (hCAPAM) (Phosphorylated CTD-interacting factor 1) (hPCIF1)	704	intercellular bridge [GO:0045171]; microtubule cytoskeleton [GO:0015630]; nucleoplasm [GO:0005654]; nucleus [GO:0005634]; mRNA (2'-O-methyladenosine-N6-)-methyltransferase activity [GO:0016422]; RNA polymerase II C-terminal domain binding [GO:0099122]; S-adenosyl-L-methionine binding [GO:1904047]; mRNA methylation [GO:0080009]; negative regulation of phosphatase activity [GO:0010923]; negative regulation of translation [GO:0017148]; positive regulation of translation [GO:0045727]	2JX8;6IRV;6IRW;	PF12237;PF00397;	9606.ENSP00000361486;	True
Q8IX03	KIBRA_HUMAN	Protein KIBRA (HBeAg-binding protein 3) (Kidney and brain protein) (KIBRA) (WW domain-containing protein 1)	1113	cytoplasm [GO:0005737]; cytosol [GO:0005829]; nucleus [GO:0005634]; perinuclear region of cytoplasm [GO:0048471]; protein-containing complex [GO:0032991]; ruffle membrane [GO:0032587]; kinase binding [GO:0019900]; molecular adaptor activity [GO:0060090]; transcription coactivator activity [GO:0003713]; cell migration [GO:0016477]; establishment of cell polarity [GO:0030010]; hippo signaling [GO:0035329]; negative regulation of hippo signaling [GO:0035331]; negative regulation of organ growth [GO:0046621]; negative regulation of transcription by RNA polymerase II [GO:0000122]; positive regulation of MAPK cascade [GO:0043410]; positive regulation of transcription of Notch receptor target [GO:0007221]; regulation of hippo signaling [GO:0035330]; regulation of intracellular transport [GO:0032386]	2Z0U;6FB4;6FD0;6FJC;6FJD;	PF00397;	9606.ENSP00000427772;	True
Q6NWY9	PR40B_HUMAN	Pre-mRNA-processing factor 40 homolog B (Huntingtin yeast partner C) (Huntingtin-interacting protein C)	871	nuclear speck [GO:0016607]; U1 snRNP [GO:0005685]; U2-type prespliceosome [GO:0071004]; RNA binding [GO:0003723]; mRNA cis splicing, via spliceosome [GO:0045292]; mRNA splicing, via spliceosome [GO:0000398]		PF01846;PF00397;	9606.ENSP00000448073;	True
Q96PU5	NED4L_HUMAN	E3 ubiquitin-protein ligase NEDD4-like (EC 2.3.2.26) (HECT-type E3 ubiquitin transferase NED4L) (NEDD4.2) (Nedd4-2)	975	cell [GO:0005623]; cytoplasm [GO:0005737]; cytosol [GO:0005829]; extracellular exosome [GO:0070062]; Golgi apparatus [GO:0005794]; multivesicular body [GO:0005771]; nucleoplasm [GO:0005654]; ion channel binding [GO:0044325]; potassium channel inhibitor activity [GO:0019870]; potassium channel regulator activity [GO:0015459]; sodium channel inhibitor activity [GO:0019871]; sodium channel regulator activity [GO:0017080]; ubiquitin protein ligase activity [GO:0061630]; ubiquitin-protein transferase activity [GO:0004842]; cellular sodium ion homeostasis [GO:0006883]; excretion [GO:0007588]; ion transmembrane transport [GO:0034220]; negative regulation of potassium ion transmembrane transport [GO:1901380]; negative regulation of potassium ion transmembrane transporter activity [GO:1901017]; negative regulation of protein localization to cell surface [GO:2000009]; negative regulation of sodium ion transmembrane transport [GO:1902306]; negative regulation of sodium ion transmembrane transporter activity [GO:2000650]; negative regulation of transcription by RNA polymerase II [GO:0000122]; positive regulation of caveolin-mediated endocytosis [GO:2001288]; positive regulation of dendrite extension [GO:1903861]; positive regulation of endocytosis [GO:0045807]; positive regulation of protein catabolic process [GO:0045732]; proteasome-mediated ubiquitin-dependent protein catabolic process [GO:0043161]; protein K48-linked ubiquitination [GO:0070936]; protein monoubiquitination [GO:0006513]; protein polyubiquitination [GO:0000209]; protein ubiquitination [GO:0016567]; regulation of dendrite morphogenesis [GO:0048814]; regulation of ion transmembrane transport [GO:0034765]; regulation of membrane depolarization [GO:0003254]; regulation of membrane potential [GO:0042391]; regulation of membrane repolarization [GO:0060306]; regulation of potassium ion transmembrane transporter activity [GO:1901016]; regulation of protein catabolic process [GO:0042176]; regulation of protein stability [GO:0031647]; response to metal ion [GO:0010038]; sodium ion transport [GO:0006814]; ubiquitin-dependent protein catabolic process [GO:0006511]; ventricular cardiac muscle cell action potential [GO:0086005]; viral life cycle [GO:0019058]; water homeostasis [GO:0030104]	2LAJ;2LB2;2LTY;2MPT;2NSQ;2ONI;3JVZ;3JW0;5HPK;	PF00168;PF00632;PF00397;	9606.ENSP00000383199;	True
Q9UPV0	CE164_HUMAN	Centrosomal protein of 164 kDa (Cep164)	1460	centriole [GO:0005814]; centrosome [GO:0005813]; ciliary transition fiber [GO:0097539]; cytosol [GO:0005829]; extracellular space [GO:0005615]; intracellular membrane-bounded organelle [GO:0043231]; nucleoplasm [GO:0005654]; cell division [GO:0051301]; ciliary basal body-plasma membrane docking [GO:0097711]; cilium assembly [GO:0060271]; DNA repair [GO:0006281]; G2/M transition of mitotic cell cycle [GO:0000086]; regulation of G2/M transition of mitotic cell cycle [GO:0010389]			9606.ENSP00000278935;	False
P46934	NEDD4_HUMAN	E3 ubiquitin-protein ligase NEDD4 (EC 2.3.2.26) (Cell proliferation-inducing gene 53 protein) (HECT-type E3 ubiquitin transferase NEDD4) (Neural precursor cell expressed developmentally down-regulated protein 4) (NEDD-4)	1319	apicolateral plasma membrane [GO:0016327]; cell cortex [GO:0005938]; chromatin [GO:0000785]; cytoplasm [GO:0005737]; cytosol [GO:0005829]; dendritic spine [GO:0043197]; extracellular exosome [GO:0070062]; glutamatergic synapse [GO:0098978]; Golgi apparatus [GO:0005794]; perinuclear region of cytoplasm [GO:0048471]; plasma membrane [GO:0005886]; postsynaptic cytosol [GO:0099524]; ubiquitin ligase complex [GO:0000151]; beta-2 adrenergic receptor binding [GO:0031698]; enzyme binding [GO:0019899]; ionotropic glutamate receptor binding [GO:0035255]; phosphoserine residue binding [GO:0050815]; phosphothreonine residue binding [GO:0050816]; proline-rich region binding [GO:0070064]; protein domain specific binding [GO:0019904]; RNA polymerase binding [GO:0070063]; sodium channel inhibitor activity [GO:0019871]; ubiquitin binding [GO:0043130]; ubiquitin protein ligase activity [GO:0061630]; adaptive immune response [GO:0002250]; blood vessel morphogenesis [GO:0048514]; cellular response to UV [GO:0034644]; development involved in symbiotic interaction [GO:0044111]; endocardial cushion development [GO:0003197]; glucocorticoid receptor signaling pathway [GO:0042921]; lysosomal transport [GO:0007041]; negative regulation of sodium ion transmembrane transporter activity [GO:2000650]; negative regulation of sodium ion transport [GO:0010766]; negative regulation of transcription from RNA polymerase II promoter in response to UV-induced DNA damage [GO:0010768]; negative regulation of vascular endothelial growth factor receptor signaling pathway [GO:0030948]; neuromuscular junction development [GO:0007528]; neuron projection development [GO:0031175]; outflow tract morphogenesis [GO:0003151]; positive regulation of nucleocytoplasmic transport [GO:0046824]; positive regulation of phosphatidylinositol 3-kinase signaling [GO:0014068]; positive regulation of protein catabolic process [GO:0045732]; progesterone receptor signaling pathway [GO:0050847]; proteasome-mediated ubiquitin-dependent protein catabolic process [GO:0043161]; protein K63-linked ubiquitination [GO:0070534]; protein monoubiquitination [GO:0006513]; protein polyubiquitination [GO:0000209]; protein targeting to lysosome [GO:0006622]; protein ubiquitination [GO:0016567]; receptor catabolic process [GO:0032801]; receptor internalization [GO:0031623]; regulation of dendrite morphogenesis [GO:0048814]; regulation of ion transmembrane transport [GO:0034765]; regulation of macroautophagy [GO:0016241]; regulation of membrane potential [GO:0042391]; regulation of potassium ion transmembrane transporter activity [GO:1901016]; regulation of synapse organization [GO:0050807]; response to calcium ion [GO:0051592]; T cell activation [GO:0042110]; transmission of virus [GO:0019089]; ubiquitin-dependent protein catabolic process [GO:0006511]; ubiquitin-dependent protein catabolic process via the multivesicular body sorting pathway [GO:0043162]	2KPZ;2KQ0;2M3O;2XBB;2XBF;3B7Y;4BBN;4BE8;4N7F;4N7H;5AHT;5C7J;5C91;	PF00632;PF00397;	9606.ENSP00000424827;	True
P01906	DQA2_HUMAN	HLA class II histocompatibility antigen, DQ alpha 2 chain (DX alpha chain) (HLA class II histocompatibility antigen, DQ(6) alpha chain) (HLA-DQA1) (MHC class II DQA2)	255	clathrin-coated endocytic vesicle membrane [GO:0030669]; endocytic vesicle membrane [GO:0030666]; endosome membrane [GO:0010008]; ER to Golgi transport vesicle membrane [GO:0012507]; Golgi membrane [GO:0000139]; integral component of lumenal side of endoplasmic reticulum membrane [GO:0071556]; integral component of plasma membrane [GO:0005887]; lysosomal membrane [GO:0005765]; MHC class II protein complex [GO:0042613]; plasma membrane [GO:0005886]; trans-Golgi network membrane [GO:0032588]; transport vesicle membrane [GO:0030658]; MHC class II receptor activity [GO:0032395]; adaptive immune response [GO:0002250]; antigen processing and presentation of exogenous peptide antigen via MHC class II [GO:0019886]; immune response [GO:0006955]; interferon-gamma-mediated signaling pathway [GO:0060333]; T cell receptor signaling pathway [GO:0050852]		PF07654;PF00993;	9606.ENSP00000364076;	False
Q8WYQ5	DGCR8_HUMAN	Microprocessor complex subunit DGCR8 (DiGeorge syndrome critical region 8)	773	cytoplasm [GO:0005737]; microprocessor complex [GO:0070877]; nucleolus [GO:0005730]; nucleoplasm [GO:0005654]; nucleus [GO:0005634]; double-stranded RNA binding [GO:0003725]; heme binding [GO:0020037]; identical protein binding [GO:0042802]; metal ion binding [GO:0046872]; primary miRNA binding [GO:0070878]; protein homodimerization activity [GO:0042803]; miRNA metabolic process [GO:0010586]; primary miRNA processing [GO:0031053]; RNA phosphodiester bond hydrolysis, endonucleolytic [GO:0090502]	1X47;2YT4;3LE4;5B16;	PF00035;	9606.ENSP00000263209;	False
Q14CM0	FRPD4_HUMAN	FERM and PDZ domain-containing protein 4 (PDZ domain-containing protein 10) (PSD-95-interacting regulator of spine morphogenesis) (Preso)	1322	cell junction [GO:0030054]; cytoskeleton [GO:0005856]; dendritic spine [GO:0043197]; glutamatergic synapse [GO:0098978]; postsynaptic density [GO:0014069]; protein-containing complex [GO:0032991]; phosphatidylinositol-4,5-bisphosphate binding [GO:0005546]; positive regulation of synapse structural plasticity [GO:0051835]; postsynaptic actin cytoskeleton organization [GO:0098974]	4WND;4WNE;4WNF;4WNG;	PF00373;PF00595;	9606.ENSP00000370057;	False
P11532	DMD_HUMAN	Dystrophin	3685	cell [GO:0005623]; cell surface [GO:0009986]; cell-substrate junction [GO:0030055]; costamere [GO:0043034]; cytoskeleton [GO:0005856]; cytosol [GO:0005829]; dystrophin-associated glycoprotein complex [GO:0016010]; filopodium [GO:0030175]; filopodium membrane [GO:0031527]; membrane raft [GO:0045121]; neuron projection terminus [GO:0044306]; nucleus [GO:0005634]; plasma membrane [GO:0005886]; postsynaptic membrane [GO:0045211]; protein-containing complex [GO:0032991]; sarcolemma [GO:0042383]; synapse [GO:0045202]; syntrophin complex [GO:0016013]; Z disc [GO:0030018]; actin binding [GO:0003779]; dystroglycan binding [GO:0002162]; myosin binding [GO:0017022]; nitric-oxide synthase binding [GO:0050998]; structural constituent of cytoskeleton [GO:0005200]; structural constituent of muscle [GO:0008307]; vinculin binding [GO:0017166]; zinc ion binding [GO:0008270]; cardiac muscle cell action potential [GO:0086001]; cardiac muscle contraction [GO:0060048]; cellular protein localization [GO:0034613]; cellular protein-containing complex assembly [GO:0034622]; motile cilium assembly [GO:0044458]; muscle cell cellular homeostasis [GO:0046716]; muscle fiber development [GO:0048747]; muscle filament sliding [GO:0030049]; muscle organ development [GO:0007517]; negative regulation of peptidyl-cysteine S-nitrosylation [GO:1902083]; negative regulation of peptidyl-serine phosphorylation [GO:0033137]; peptide biosynthetic process [GO:0043043]; positive regulation of neuron differentiation [GO:0045666]; positive regulation of neuron projection development [GO:0010976]; positive regulation of sodium ion transmembrane transporter activity [GO:2000651]; regulation of cardiac muscle contraction by regulation of the release of sequestered calcium ion [GO:0010881]; regulation of cellular response to growth factor stimulus [GO:0090287]; regulation of heart rate [GO:0002027]; regulation of release of sequestered calcium ion into cytosol by sarcoplasmic reticulum [GO:0010880]; regulation of ryanodine-sensitive calcium-release channel activity [GO:0060314]; regulation of skeletal muscle contraction [GO:0014819]; regulation of skeletal muscle contraction by regulation of release of sequestered calcium ion [GO:0014809]; regulation of voltage-gated calcium channel activity [GO:1901385]; response to muscle stretch [GO:0035994]	1DXX;1EG3;1EG4;3UUN;	PF00307;PF09068;PF09069;PF00435;PF00397;PF00569;	9606.ENSP00000354923;	True
O60861	GAS7_HUMAN	Growth arrest-specific protein 7 (GAS-7)	476	cytoplasm [GO:0005737]; cytoskeleton [GO:0005856]; plasma membrane [GO:0005886]; cytoskeletal protein binding [GO:0008092]; DNA-binding transcription factor activity [GO:0003700]; cell cycle arrest [GO:0007050]; neuron differentiation [GO:0030182]; neuron projection morphogenesis [GO:0048812]	2LX7;2YSH;	PF00611;PF14604;PF00397;	9606.ENSP00000407552;	True
O95817	BAG3_HUMAN	BAG family molecular chaperone regulator 3 (BAG-3) (Bcl-2-associated athanogene 3) (Bcl-2-binding protein Bis) (Docking protein CAIR-1)	575	aggresome [GO:0016235]; cell [GO:0005623]; chaperone complex [GO:0101031]; cytoplasm [GO:0005737]; cytosol [GO:0005829]; neuron projection [GO:0043005]; nucleus [GO:0005634]; plasma membrane [GO:0005886]; stress fiber [GO:0001725]; Z disc [GO:0030018]; adenyl-nucleotide exchange factor activity [GO:0000774]; cadherin binding [GO:0045296]; chaperone binding [GO:0051087]; dynein intermediate chain binding [GO:0045505]; protein-containing complex binding [GO:0044877]; aggresome assembly [GO:0070842]; autophagosome assembly [GO:0000045]; brain development [GO:0007420]; cellular response to heat [GO:0034605]; cellular response to mechanical stimulus [GO:0071260]; cellular response to unfolded protein [GO:0034620]; chaperone-mediated autophagy [GO:0061684]; chaperone-mediated protein transport [GO:0072321]; extrinsic apoptotic signaling pathway in absence of ligand [GO:0097192]; extrinsic apoptotic signaling pathway via death domain receptors [GO:0008625]; muscle cell cellular homeostasis [GO:0046716]; negative regulation of apoptotic process [GO:0043066]; negative regulation of protein targeting to mitochondrion [GO:1903215]; negative regulation of striated muscle cell apoptotic process [GO:0010664]; negative regulation of transcription from RNA polymerase II promoter in response to stress [GO:0097201]; positive regulation of aggrephagy [GO:1905337]; positive regulation of protein export from nucleus [GO:0046827]; positive regulation of protein import into nucleus [GO:0042307]; protein folding [GO:0006457]; protein stabilization [GO:0050821]; protein transport along microtubule [GO:0098840]; regulation of cellular response to heat [GO:1900034]; spinal cord development [GO:0021510]		PF02179;PF00397;	9606.ENSP00000358081;	True
Q96QZ7	MAGI1_HUMAN	Membrane-associated guanylate kinase, WW and PDZ domain-containing protein 1 (Atrophin-1-interacting protein 3) (AIP-3) (BAI1-associated protein 1) (BAP-1) (Membrane-associated guanylate kinase inverted 1) (MAGI-1) (Trinucleotide repeat-containing gene 19 protein) (WW domain-containing protein 3) (WWP3)	1491	adherens junction [GO:0005912]; bicellular tight junction [GO:0005923]; cell junction [GO:0030054]; cell periphery [GO:0071944]; cell projection [GO:0042995]; cell-cell junction [GO:0005911]; cytoplasm [GO:0005737]; nucleolus [GO:0005730]; nucleoplasm [GO:0005654]; plasma membrane [GO:0005886]; alpha-actinin binding [GO:0051393]; ATP binding [GO:0005524]; molecular adaptor activity [GO:0060090]; protein C-terminus binding [GO:0008022]; cell adhesion [GO:0007155]; cell surface receptor signaling pathway [GO:0007166]; positive regulation of cell-cell adhesion [GO:0022409]; protein-containing complex assembly [GO:0065003]; signal transduction [GO:0007165]	1WBP;2KPK;2KPL;2Q9V;2R4H;2YSD;2YSE;2ZAJ;3BPU;5N7D;5N7F;5N7G;	PF00625;PF00595;PF00397;	9606.ENSP00000385450;	True
O00213	APBB1_HUMAN	Amyloid-beta A4 precursor protein-binding family B member 1 (Protein Fe65)	710	cytoplasm [GO:0005737]; dendritic spine [GO:0043197]; endoplasmic reticulum [GO:0005783]; growth cone [GO:0030426]; growth cone filopodium [GO:1990812]; growth cone lamellipodium [GO:1990761]; lamellipodium [GO:0030027]; main axon [GO:0044304]; neuronal cell body [GO:0043025]; nuclear speck [GO:0016607]; nucleoplasm [GO:0005654]; nucleus [GO:0005634]; perinuclear region of cytoplasm [GO:0048471]; plasma membrane [GO:0005886]; postsynaptic membrane [GO:0045211]; presynaptic membrane [GO:0042734]; protein-containing complex [GO:0032991]; synapse [GO:0045202]; amyloid-beta binding [GO:0001540]; chromatin binding [GO:0003682]; histone binding [GO:0042393]; proline-rich region binding [GO:0070064]; protein-containing complex binding [GO:0044877]; tau protein binding [GO:0048156]; transcription factor binding [GO:0008134]; ubiquitin protein ligase binding [GO:0031625]; apoptotic process [GO:0006915]; axonogenesis [GO:0007409]; cell cycle arrest [GO:0007050]; cellular response to DNA damage stimulus [GO:0006974]; double-strand break repair [GO:0006302]; histone H4 acetylation [GO:0043967]; negative regulation of cell growth [GO:0030308]; negative regulation of thymidylate synthase biosynthetic process [GO:0050760]; negative regulation of transcription by RNA polymerase II [GO:0000122]; positive regulation of apoptotic process [GO:0043065]; positive regulation of DNA repair [GO:0045739]; positive regulation of neuron projection development [GO:0010976]; positive regulation of protein secretion [GO:0050714]; positive regulation of transcription by RNA polymerase II [GO:0045944]; positive regulation of transcription, DNA-templated [GO:0045893]; regulation of transcription, DNA-templated [GO:0006355]; response to iron ion [GO:0010039]; signal transduction [GO:0007165]	2E45;2HO2;2IDH;2OEI;3D8D;3D8E;3D8F;3DXC;3DXD;3DXE;5NQH;	PF00640;PF00397;	9606.ENSP00000477213;	True
Q96J02	ITCH_HUMAN	E3 ubiquitin-protein ligase Itchy homolog (Itch) (EC 2.3.2.26) (Atrophin-1-interacting protein 4) (AIP4) (HECT-type E3 ubiquitin transferase Itchy homolog) (NFE2-associated polypeptide 1) (NAPP1)	903	cytoplasm [GO:0005737]; cytosol [GO:0005829]; early endosome membrane [GO:0031901]; extracellular exosome [GO:0070062]; intracellular membrane-bounded organelle [GO:0043231]; membrane [GO:0016020]; nucleoplasm [GO:0005654]; plasma membrane [GO:0005886]; protein-containing complex [GO:0032991]; arrestin family protein binding [GO:1990763]; CXCR chemokine receptor binding [GO:0045236]; ribonucleoprotein complex binding [GO:0043021]; ubiquitin protein ligase activity [GO:0061630]; ubiquitin-like protein ligase binding [GO:0044389]; ubiquitin-protein transferase activity [GO:0004842]; apoptotic process [GO:0006915]; defense response to virus [GO:0051607]; inflammatory response [GO:0006954]; innate immune response [GO:0045087]; negative regulation of apoptotic process [GO:0043066]; negative regulation of defense response to virus [GO:0050687]; negative regulation of JNK cascade [GO:0046329]; negative regulation of NF-kappaB transcription factor activity [GO:0032088]; negative regulation of type I interferon production [GO:0032480]; Notch signaling pathway [GO:0007219]; nucleotide-binding oligomerization domain containing signaling pathway [GO:0070423]; positive regulation of protein catabolic process [GO:0045732]; positive regulation of receptor catabolic process [GO:2000646]; proteasome-mediated ubiquitin-dependent protein catabolic process [GO:0043161]; protein autoubiquitination [GO:0051865]; protein K29-linked ubiquitination [GO:0035519]; protein K48-linked ubiquitination [GO:0070936]; protein K63-linked ubiquitination [GO:0070534]; protein polyubiquitination [GO:0000209]; protein ubiquitination [GO:0016567]; regulation of cell growth [GO:0001558]; regulation of hematopoietic stem cell differentiation [GO:1902036]; regulation of protein deubiquitination [GO:0090085]; ubiquitin-dependent protein catabolic process [GO:0006511]; viral entry into host cell [GO:0046718]	2DMV;2KYK;2NQ3;2P4R;2YSF;3TUG;4ROF;5C7M;5CQ2;5DWS;5DZD;5SXP;	PF00168;PF00632;PF00397;	9606.ENSP00000480499;	True
O95704	APBB3_HUMAN	Amyloid-beta A4 precursor protein-binding family B member 3 (Protein Fe65-like 2) (Fe65L2)	486	actin cytoskeleton [GO:0015629]; cytoplasm [GO:0005737]; cytosol [GO:0005829]; nucleus [GO:0005634]; amyloid-beta binding [GO:0001540]; transcription factor binding [GO:0008134]; regulation of transcription, DNA-templated [GO:0006355]	2DYQ;2YSC;	PF00640;	9606.ENSP00000346378;	False
Q92870	APBB2_HUMAN	Amyloid-beta A4 precursor protein-binding family B member 2 (Protein Fe65-like 1)	758	cytoplasm [GO:0005737]; growth cone [GO:0030426]; lamellipodium [GO:0030027]; membrane [GO:0016020]; nucleus [GO:0005634]; synapse [GO:0045202]; amyloid-beta binding [GO:0001540]; transcription factor binding [GO:0008134]; axon guidance [GO:0007411]; cell cycle arrest [GO:0007050]; extracellular matrix organization [GO:0030198]; intracellular signal transduction [GO:0035556]; negative regulation of apoptotic process [GO:0043066]; negative regulation of cell growth [GO:0030308]; neuron migration [GO:0001764]; positive regulation of apoptotic process [GO:0043065]; regulation of transcription, DNA-templated [GO:0006355]		PF00640;PF00397;	9606.ENSP00000427211;	True
Q13474	DRP2_HUMAN	Dystrophin-related protein 2 (DRP-2)	957	cell junction [GO:0030054]; dendrite [GO:0030425]; glutamatergic synapse [GO:0098978]; perikaryon [GO:0043204]; plasma membrane [GO:0005886]; postsynaptic density [GO:0014069]; zinc ion binding [GO:0008270]; central nervous system development [GO:0007417]; synapse organization [GO:0050808]		PF09068;PF09069;PF00435;PF00397;PF00569;	9606.ENSP00000378635;	True
